ID,empoly,name
1,42761,???
2,'',???
3,'',???
4,'',???
5,'',???
6,'',???
7,'',???
8,'',
9,'',???
10,'',???
11,,???
12,'',??
13,'',''
14,48628,???
15,23456,
16,9049,
17,'',
18,2654,
19,48574,
20,48308,
21,48305,
22,47020,
23,45659,
24,48827,
25,9832,
26,46877,
27,47733,
28,45958,
29,9294,
30,'',
31,40507,
32,'',
33,48564,
34,48768,
35,48577,
36,48169,
37,48964,
38,48826,
39,48416,
40,47103,
41,48407,
42,48720,
43,48951,
44,48856,
45,16563,
46,48372,
47,19659,
48,'',
49,11456,
50,3930,
51,27952,
52,43103,
53,46344,
54,19143,
55,15079,
56,'',
57,15584,
58,21902,
59,18095,
60,25922,
61,26902,
62,48009,
63,24105,
64,41953,
65,31378,
66,12005,
67,48354,
68,12780,
69,9631,
70,39889,
71,'',
72,'',
73,2370,
